"","M_DONOR_1","M_DONOR_2","M_DONOR_3","M_DONOR_4","M_DONOR_6","M_DONOR_7","M_DONOR_8","M_DONOR_9"
"(1R,2S,4R)-2,7,7-Trimethylbicyclo[2.2.1]heptan-2-ol",0,0.07458431,0,0,0,0.03100407,0,0
"(2-Aziridinylethyl)amine",0,0,0,0,0,0,0.0395240998333333,0
"1-(2,4-Dihydroxyphenyl)-2-(4-methoxy-3-nitrophenyl)ethanone",0,0.000218998293333333,0,0,0,0,0,0
"1-(4-tert-Butylphenyl)propan-2-one",0,0,0.0224171553333333,0,0,0,0,0
"1-Bromo-1-chloropropanone",266053.333333333,0.000189468766666667,0,0.0008237767,0,0,0,0
"1-Bromo-2,3-dichlorobenzene",236565,0,0,0,0,0,0,0
"1-Butanamine, N-butyl-N-nitroso-",0,0,0,0.0022480455,0,0,0,0
"1-Butanol, 2-ethyl-",0,0.00393654266666667,0,0,0,0,0,0
"1-Butanol, 2-methyl-",0,0,0,0,0,0,0,0.0326157719666667
"1-Butanol, 3-methyl-",0,0,0.429353114,0,0.643372642466667,0,0,0.0696172773666667
"1-Decanol",0,0.0254922433333333,0,0.0086358396,0,0,0,0
"1-Decanol, 2-ethyl-",6088426,0,0,0,0,0,0,0
"1-Decanol, 2-hexyl-",0,0,0.771501641,0,0,0,0,0
"1-Heptanol",0,0.0358872833333333,0,0,0,0,0.01662226,0
"1-Heptanol, 4-methyl-",0,0,3.47426512633333,0.6358452238,0,0,0,0
"1-Heptanol, 6-methyl-",0,0.108688223333333,0,0.69561953,0,0,0,0.127324066033333
"1-Heptene",0,0,0,0,0,0,0,0.0388030071666667
"1-Heptene, 5-methyl-",0,0.190649766666667,0,0,0,0,0,0
"1-Hexanol, 2,2-dimethyl-",0,0.04707241,0,0,0,0,0,0
"1-Hexanol, 3,5,5-trimethyl-",0,0.01428329,0.318757768,0.156727289566667,0,0,0,0
"1-Hexanol, 4-methyl-",0,0,0.177977658,0.0362225791666667,0,0,0,0
"1-Hexanol, 5-methyl-2-(1-methylethyl)-",0,0,0,0.0770738608666667,0,0,0,0
"1-Hexene, 3,4-dimethyl-",0,0.14070435,0,0,0,0,0,0
"1-Hydroxy-2-butanone",0,0,0,0.00756644296666667,0,0,0,0
"1-Methyl-2-methylenecyclohexane",0,0,0,0,0.00159524626666667,0,0,0
"1-Methylcyclohexa-1,3-diene",0,0,0,0,0.0009433998,0,0,0
"1-Nonanol",0,0,0,0.00875885396666667,0,0,0,0.0116662760666667
"1-Nonylcycloheptane",0,0,0,0,0,0.004005256,0,0
"1-Octanol",0,0,0,0,0,0.0307879433333333,0,0
"1-Octanol, 2-butyl-",0,0.295012566666667,0,0,0,0,0,0
"1-Octen-3-one",0,0.0271089866666667,0,0,0,0,0,0
"1-Octene",0,0,0,0,0.0754061019333333,0.0190538733333333,0,0
"1-Octene, 3,7-dimethyl-",0,0.50446287,0,0,0,0,0,0.158053772133333
"1-Octene, 4-methyl-",0,0,0,0.1266955185,0,0,0,0
"1-Pentanol, 2-ethyl-4-methyl-",0,0.0247286433333333,0.685200904,0.0898894404,0,0,0,0
"1-Pentanol, 2-methyl-",0,0,0,0,0,0.00292171886666667,0,0
"1-Pentanol, 2,2,4-trimethyl-",0,0,0.078351213,0,0,0,0,0
"1-Pentanol, 3-methyl-",0,0,0,0.000453463566666667,0,0,0,0.0009014369
"1-Penten-3-ol",49545699.3333333,0,0.283410973,0,0,0,0,0
"1-Pentene, 2,4,4-trimethyl-",0,0,0,0.0261480399,0,0,0.0180202966666667,0
"1-Propanol, 2-(1-methylethoxy)-",0,0.177669566666667,0.757197398333333,0.0176184069333333,0,0,0,0
"1-Propanol, 2-methoxy-",0,0,0,0,0,0,0,0.0055977689
"1-Propanol, 2-methyl-",0,0,0,0,0,0,0,0.0946375357333333
"1-Propen-2-ol, acetate",0,0,0,0,0,0,0,0.0307975795
"1-Tetrazol-2-ylethanone",0,0.00534679266666667,0,0,0,0,0,0
"1-Undecanol",1145663.66666667,0,0,0,0,0,0,0
"1,1,1-Trifluoro-2-propanol",0,0,0,0,0.0812399204,0,0,0
"1,1,1,4,4,4-Hexafluorobut-2-ene",0,0,0,0,0,0.0203653866666667,0,0
"1,1'-Biphenyl, 2-methyl-",993953,0.002265504,0,0,0,0,0,0
"1,2-Benzenedicarboxylic acid, bis(2-methylpropyl) ester",929162.333333333,0,0,0,0,0,0,0
"1,2-Benzisothiazole",0,0.0353237929333333,0,0,0,0,0,0
"1,2-Ethanediol",0,0.0709628416666667,0,0,0,0,0,0
"1,2-Ethanediol, diformate",0,0,0,0.00245002806666667,0,0,0,0
"1,2-Ethanediol, monoformate",0,0.0237281566666667,0.405801369,0,0,0,0,0
"1,2-Propanediol, 1-acetate",0,0,0.0671771006666667,0,0,0,0,0
"1,2,3-Trifluorobenzene",0,0,0,0,0,0,0,0.0267455181
"1,2,5-Thiadiazole",0,0,0,0,0,0,0.000145839963333333,0
"1,3-Butadiyne",0,0,0,0,0,0,0,0.0023102081
"1,3-Cyclohexadiene",0,0,0,0,0,0,0,0.0158777208
"1,3-Cyclohexadiene, 1-methyl-4-(1-methylethyl)-",0,0,0,0,0,0.2642879,0,0
"1,3-Cyclopentadiene",2106935.66666667,0,0,0,0,0,0,0.0421884736666667
"1,3-Diazine",0,0,0,0,0.0010848879,0,0,0
"1,3-Dioxan-5-ol, 4,4,5-trimethyl-",873753,0,0,0,0,0,0,0
"1,3-Dioxolane, 2-pentadecyl-",0,0,0,0,0.0738059283333333,0.00101369823333333,0,0
"1,3-Dioxolane, 2,4,5-trimethyl-",0,0,0,0,0,0,0,0.0145083746
"1,3,5-Triazine",0,0.0030691539,0,0.00168125733333333,0,0,0,0
"1,3,5-Trifluorobenzene",113729230,0,0,0,0,0,0,0
"1,3,5-Trioxane",0,0.361869766666667,0,0,0,0.0136048333333333,0.2216181,0.00269337743333333
"1,3,5-Trioxepane",0,0.01528646,0,0,0,0,0,0
"1,3,8-p-Menthatriene",0,0.0294712333333333,0,0,0,0,0,0
"1,4-Benzenediol, 2,6-bis(1,1-dimethylethyl)-",0,0,0.224294164,0,0,0,0,0
"1,4-bis[2-(4-Methylphenyl)diazen-1-yl]piperazine",1920142.66666667,0,0,0,0,0,0,0
"1,4-Dioxan-2-ol",0,0,0,0.00342363973333333,0,0,0,0
"1,4-Methanobenzocyclodecene, 1,2,3,4,4a,5,8,9,12,12a-decahydro-",2331079.66666667,0,0,0,0,0,0,0.0030836668
"1,6-Dioxacyclododecane-7,12-dione",0,0,0.0407260826666667,0,0.0037130667,0.00154955,0,0.0016251171
"1,6-Octadien-3-ol, 3,7-dimethyl-, formate",0,0,0.719866682666667,0,0,0,0,0.00821403746666667
"11-Tricosene",0,0,0,0,0,0.0263898966666667,0,0
"12-Methylaminolauric acid",0,0,0,0,0,0,0,0.0050845665
"15-Tetracosenoic acid, methyl ester",826806.333333333,0,0.117048703666667,0,0,0,0,0
"1H-Inden-1-one, 2,3-dihydro-",0,0,0.00986651666666667,0,0,0,0,0
"1H-Indene, 1-ethylidene-",0,0,0,0.0765390812666667,0,0,0,0
"1H-Indene, 2,3-dihydro-1,3-dimethyl-",0,0,0,0,0,0,0,0.00493938306666667
"1H-Indene, 2,3-dihydro-1,6-dimethyl-",0,0,0,0.00430605213333333,0.00585301263333333,0.00210458766666667,0,0
"1H-Indene, 2,3-dihydro-4-methyl-",2511458,0.00849802833333333,0,0,0.0110574582333333,0,0,0.0113185685
"1H-Indene, 2,3-dihydro-4,7-dimethyl-",724630.333333333,0,0,0.00228197376666667,0,0,0,0.00708668566666667
"1H-Pyrazolo[3,4-d]pyrimidin-4-amine",0,0.000521292266666667,0.00514173666666667,0.000926290266666667,0,0,0,0
"1H-Pyrrole, 1-methyl-",0,0,0.0298247206666667,0.00795518096666667,0,0,0,0
"1H-Pyrrole, 2-methyl-",0,0,0,0.0265415298666667,0,0,0,0
"1H,1H,2H,2H-Perfluorooctan-1-ol",0,0.00523654733333333,0,0,0,0,0.00722461266666667,0.00630667573333333
"2-(4-Benzyloxy-3-iodo-5-methoxy-benzylidene)-malononitrile",0,0,0,0,0.510200898766667,0,0,0
"2-Butanone, oxime",0,0,0.0457993226666667,0,0.0020977753,0,0,0
"2-Buten-1-ol",0,0,0,0,0,0,0.001955297,0
"2-Butenal",2476062.33333333,0,0.0995258256666667,0,0,0,0,0
"2-Butenal, 2-ethyl-",0,0.050008484,0,0,0,0,0,0
"2-Butene",0,0,0,0,0.0673771472333333,0,0,0
"2-Butene, 2,3-dimethyl-",0,0,0,0,0.0976003512666667,0,0,0.044022912
"2-Butyl-1-decene",0,0,1.90589445133333,0,0,0,0,0
"2-Butyl-3-(4-β-diethylaminoethoxybenzoyl)benzofuran",602747.666666667,0,0,0,0,0,0,0
"2-Cyclohexen-1-one",1643721.33333333,0.00784352833333333,0.217052693333333,0,0,0,0,0
"2-Cyclopropyl-2-propanol",0,0,0,0,0.0245900954333333,0,0,0
"2-Ethyl-6-phenyl-1,3,4-thiadiazolo(3,2-a)(1,3,5)-triazine-5,7-dione",0,0,0,0,0,0.8566792,0,0
"2-Ethylacrolein",0,0.0640620066666667,0,0.0400117233333333,0,0,0,0
"2-Ethylhexyl acrylate",0,0,1.26938979533333,0.1553854161,0,0,0.0109843153333333,0
"2-Fluoro-3-(trifluoromethyl)phenol",0,0,0,0,0,0.00241930433333333,0,0
"2-Furancarbonitrile",0,0.0018928729,0,0,0,0,0,0
"2-Furancarboxaldehyde, 5-methyl-",0,0.00443575133333333,0,0,0,0,0,0
"2-Furancarboxylic acid, hydrazide",38270.6666666667,0,0,0,0,0,0,0
"2-Furanmethanol",0,0.00430467666666667,0,0,0,0,0,0.000723013833333333
"2-Heptanone",0,0,0,0,0,0,0.06823212,0.0600166813666667
"2-Heptenal",1402490.66666667,0,0.125172531,0,0,0,0,0
"2-Heptene",0,0.01873268,0,0,0,0,0,0
"2-Hexanamine, 4-methyl-",3231307.33333333,0,0,0,0,0,0,0
"2-Hexanol",1086036.33333333,0.007461926,0,0,0,0,0,0.0152566339
"2-Hexanone",0,0,0.368833727666667,0,0,0,0,0.0450031526666667
"2-Hexenal",0,0.0121215686666667,0,0,0,0,0,0
"2-Hydroxy-3-pentanone",2470239.33333333,0,0,0,0.0044458171,0,0,0
"2-Hydroxy-iso-butyrophenone",1709032.33333333,0,0,0.00529660023333333,0,0,0,0
"2-Methyl-1-hexanol",0,0.0136604166666667,0.055100579,0,0.0022798617,0,0.005283546,0
"2-Methyl-1-undecanol",1515097,0,0,0,0,0,0,0
"2-n-Butyl furan",0,0,0,0,0,0,0.0248631633333333,0
"2-Nonanone",3577847,0,0,0,0,0,0,0
"2-Octanone",6813191.66666667,0,0,0,0,0,0,0
"2-Octen-1-ol",2253041,0,0,0,0,0,0,0
"2-Octenal",3857216.33333333,0.07716089,0,0,0,0.0191487866666667,0,0
"2-Octenoic acid",0,0,0.102844912,0,0,0,0,0
"2-Pentanol",0,0,0.275948119333333,0.0218158484,0,0,0.0928830666666667,0.0485593482
"2-Pentanone",0,0,3.13348646233333,0,0,0,0,0
"2-Pentanone, 3-methyl-",0,0,0,0.0050474325,0.0167724428,0,0,0
"2-Pentanone, 4-hydroxy-4-methyl-",0,0.153089266666667,0,0.0461941775666667,0.0376295871333333,0,0,0
"2-Penten-1-ol",3888252,0,0,0,0,0,0.00524202366666667,0
"2-Pentenal",0,0,0.0850892736666667,0,0,0,0,0
"2-Propanol, 1-(2-butoxy-1-methylethoxy)-",3482008.66666667,0,0,0,0,0,0,0
"2-Propanol, 1-(2-methoxy-1-methylethoxy)-",3840089.33333333,0,0,0,0,0,0,0.0251231290333333
"2-Propanol, 1-[2-(2-methoxy-1-methylethoxy)-1-methylethoxy]-",0,0,0,0,0,0.0154583266666667,0,0
"2-Propanol, 1-butoxy-",0,0,0,0.00432699393333333,0,0,0,0.00294334826666667
"2-Propanol, 1-chloro-",0,0.01071899,0,0,0,0,0,0
"2-Propanol, 1-ethoxy-",0,0,0,0.224560333133333,0,0,0,0
"2-Propanol, 1-propoxy-",0,0,5.46255117433333,0.172654714966667,0.189718727366667,0,0.0731292933333333,0.218987365366667
"2-Propanol, 1,1,1,3,3,3-hexafluoro-",0,0,0,0,0,0,0,0.0065133899
"2-Propanone, 1-(acetyloxy)-",0,0.175261003333333,0,0,0,0.0643078533333333,0,0
"2-Propanone, 1-hydroxy-",0,0,1.11144619,0,0,0,0,0
"2-Propanone, 1-methoxy-",0,0,0,0.0024034032,0,0,0,0
"2-Propanone, 1,1-dichloro-",0,0,0.217403080666667,0.00222050046666667,0,0,0,0
"2-Propanone, 1,1,1-trifluoro-",0,0,0,0.162209774966667,0,0.129682866666667,0,0
"2-Propenal",0,0,1.035175472,0,0,0,0,0
"2-Propenamide, N-(1,1-dimethyl-3-oxobutyl)-",0,0,0.0303845526666667,0,0,0,0,0
"2-Propenoic acid, 2-methyl-, octyl ester",0,0,0,0,0,0.00012666992,0,0
"2-Propenoic acid, 2,2,3,3,4,4,5,5,6,6,7,7,8,8,8-pentadecafluorooctyl ester",0,0,0,0,0.00122730685333333,0,0,0
"2-Propenoic acid, butyl ester",0,0,0.0770581833333333,0,0.0272557338333333,0,0,0
"2-Propenoic acid, ethenyl ester",0,0,1.53038303056667,0.00290245206666667,0,0,0,0
"2-Propenoic acid, octyl ester",0,1.01523963333333,16.940360282,1.31585985083333,0,0,0,0.3722235586
"2-Undecanethiol, 2-methyl-",0,0.0912027996666667,0,0,0,0,0,0
"2,2-Dichloroethyl methyl ether",0,0,0,0,0,0,0.0028105393,0
"2,2,3,3-Tetrafluoro-1-propanol",0,0,0,0,0,0.00122162926666667,0,0
"2,2,4-Trimethyl-1,3-pentanediol diisobutyrate",0,0,0,0,0,0,0.0193746333333333,0
"2,2,7,7-Tetramethyloctane",8092137.66666667,0,0,0,0,0,0,0
"2,2'-Difluorobiphenyl",173093.666666667,0,0,0,0,0,0,0
"2,2'-Dipiperidine",0,0.000114536693333333,0,0,0,0,0,0
"2,3-Butanediol",29975488.3333333,0,0,0,0,0,0,0
"2,3-Butanediol, [R-(R*,R*)]-",0,0,0,0,0,0,0,0.188694348633333
"2,3-Butanediol, [S-(R*,R*)]-",771418,0,0,0,0,0,0.00456074126666667,0
"2,3-Butanedione",47363680,0,0,0,0,0,0,0
"2,3-Dimethyldecane",10859115.3333333,0,0,0,0,0,0,0
"2,3-Pentanedione",1184824.66666667,0,0,0,0,0,0,0
"2,4-Dimethyl-1-heptene",0,0,0,0.0319011598,0,0,0,0
"2,4,4-Trimethyl-1-pentanol",0,0.00773953466666667,0,0,0,0,0,0
"2,6-Dimethyldecane",0,0,0,0,0,0,0,0.360056674933333
"2(3H)-Furanone, 5-ethenyldihydro-5-methyl-",0,0.0010760081,0.0253370473333333,0,0,0.0004859316,0,0
"2(3H)-Furanone, dihydro-5-propyl-",0,0,0.0721453213333333,0,0,0,0,0
"2H-1,2-Oxazine, 6-(4-chlorophenyl)tetrahydro-2-methyl-",0,0,0,0,0,0,0,0.000814811233333333
"2H-Pyran-2-one, tetrahydro-6-methyl-",0,0,0,0,0.0011072377,0,0,0
"3-Buten-1-ol, 3-methyl-",1120079.66666667,0.00410807566666667,0.0322662623333333,0.00246083726666667,0.0069457156,0,0.007232174,0.0010013357
"3-Buten-2-ol, 2-methyl-",3685808,0,0,0,0,0,0,0
"3-Carene",0,0,0.326756261,0.0658837927333333,0,0.106282573333333,0,0
"3-Ethyl-4-methylpentan-1-ol",0,0.835015033333333,4.39090627333333,0,0,0,0,0
"3-Hexanone, 2,5-dimethyl-4-nitro-",21387708.6666667,0,2.202399985,0,0,0,0,0.127978070666667
"3-Hexen-1-ol",0,0,0,0,0,0,0,0.0047640475
"3-Hexene",7967650.66666667,0,0,0,0,0,0,0
"3-Hydroxy-3-methyl-2-butanone",0,0,0.0251938773333333,0,0,0,0,0
"3-Methoxyamphetamine",0,0,0,0,0,0,0.0046986385,0
"3-Methylbenzothiophene",0,0,0,0.000775575366666667,0,0,0,0.000593992933333333
"3-Methylheptyl acetate",0,0,2.54306654066667,0,0.0084100377,0,0,0
"3-Octanol, 3,7-dimethyl-",0,0,0,0,0,0,0,0.0474547323666667
"3-Octanone",2162018.66666667,0,0,0,0,0,0,0
"3-Octen-2-one",0,0.04671019,0,0,0,0,0,0
"3-Octene",0,0,0,0,0,0,0,0.0885056051666667
"3-Pentanone, 2,4-dimethyl-",0,0,0,0.0111875023,0,0,0,0
"3-Penten-2-one",0,0,0.0858074486666667,0,0,0,0,0
"3-Pentenoic acid, 4-methyl-",0,0,0,0,0.00233363443333333,0,0,0
"3,3'-Bifuran, 2,2',3,3'-tetrahydro-",0,0,0,0,0,6.54495933333333e-05,0,0
"3,4-Diacetylfurazan",102911.333333333,0,0,0,0,0,0,0
"3,4-Difluorobenzaldehyde",0,0,0,0,0.00156153753333333,0,0,0
"3,4-Dimethylcumene",0,0,0,0,0.00285501323333333,0,0,0
"3,5-di-tert-Butyl-4-hydroxybenzaldehyde",0,0,0,0.000581282233333333,0,0,0,0
"3,5-Difluorobenzaldehyde",0,0.0152359733333333,0,0,0,0,0,0
"3,5-Difluorophenol",0,0,0,0.0035686001,0,0.00490529233333333,0,0
"3,5-Octadien-2-one, (E,E)-",0,0.0155963333333333,0,0,0,0,0,0
"3,7-Dibromo-2-hydroxy-5-(p-tolylazo)tropone",0,0,0.0801026573333333,0,0,0,0,0
"4-Cyclopentene-1,3-dione",746617,0,0,0,0,0,0,0
"4-Ethyl-4-methyl-5-methylene-[1,3]dioxolan-2-one",0,0.311669566666667,0,0,0,0,0,0
"4-Ethylcyclohexanol",0,0,0,0,0,0.00501997,0.00356871166666667,0
"4-Nonene",0,0,0,0,0,0,0,0.0281246811
"4-Octene",0,0,0,0,0.0241085543666667,0,0,0
"4-Penten-2-ol",0,1.48302340633333,0,0,0,0,3.16662256666667,0
"4-tert-Butylcyclohexyl acetate",0,0,0.265621063666667,0,0,0,0,0.0258201058666667
"4-Undecene, 7-methyl-",0,0.2774638,0,0,0,0,0,0
"4,6-Bis(4-ethoxybenzylthio)-5-nitropyrimidine",0,0,0.002364266,0,0,0,0,0
"4,8,12-Tetradecatrienal, 5,9,13-trimethyl-",2552291.33333333,0,0,0,0,0,0,0
"5-Ethyldecane",0,0.312542133333333,2.15647822066667,0,0.0873034118666667,0,0,0
"5-Hepten-2-one, 6-methyl-",0,0,0,0,0,0,0.3109802,0
"5-Methyl-1-heptanol",0,0.478771033333333,4.22047277266667,0.5819637713,0,0,0,0.0975343918333333
"5,6,7,8,9,10-Hexahydrobenzocyclooctene",0,0,0,0.0112694498333333,0,0,0,0
"5,9-Undecadien-2-one, 6,10-dimethyl-",39703138,0.0713475766666667,0,0,0.275275891833333,0.07441906,0.170033033333333,0.0716050807666667
"5H-Benzocycloheptene,6,7,8,9-tetrahydro-",0,0,0,0,0,0,0,0.0072916216
"6-Methyl-3,5-heptadiene-2-one",1005142.33333333,0,0,0,0,0,0,0
"7-Octen-2-ol, 2,6-dimethyl-",0,0,0,0,0.0280868187,0,0,0
"Acenaphthene",0,0,0.0110334286666667,0,0,0,0,0.000998717166666667
"Acetaldehyde",0,0,0,0,0,0,0.398313533333333,0
"Acetamide, 2,2-dichloro-",0,0,0,0.0020562492,0,0,0.006133536,0
"Acetamide, N,N'-ethylenebis(N-nitro-",0,0,0,0.0093284419,0,0,0,0
"Acetic acid, (acetyloxy)-",0,0.002017695,0.021728537,0,0.000774684033333333,0,0,0
"Acetic acid, [(aminocarbonyl)amino]oxo-",0,0.0219973166666667,0,0,0,0,0,0
"Acetic acid, 2-(methylaminoethyl) ester",0,0,0,0.0123593220666667,0,0,0,0
"Acetic acid, butyl ester",0,0,0,0.0528842771,0,0,0,0.187901984733333
"Acetic acid, hexyl ester",0,0,0,0,0,0,0.0179659866666667,0
"Acetic acid, hydroxy-",0,0,0,0,0,0,0,0.0549089883
"Acetic acid, hydroxy-, ethyl ester",0,0.0210786466666667,0,0,0,0,0,0
"Acetic acid, methoxy-, anhydride",0,0,0,0.00418483506666667,0,0,0,0
"Acetic acid, methyl ester",0,0.341656733333333,0,0,0,0,0,0
"Acetic acid, octyl ester",0,0,5.30145694966667,0,0,0,0,0.0766870515
"Acetic acid, phenyl ester",0,0.0134397886666667,0,0,0,0,0,0
"Acetic acid, phenylmethyl ester",0,0,0,0.0114470985,0.0053016286,0,0,0.00272566323333333
"Acetic acid, trifluoro-, 3,7-dimethyloctyl ester",0,0,0.833406957,0,0,0,0,0
"Acetic anhydride",0,0,0,0.714362444466667,0,0,0,0
"Acetohydroxamic acid",0,0,0,0,0,0,0.287124240666667,0
"Acetoin",0,0,0,0.477604978366667,0,0,0,0
"Adamantane",0,0,0,0,0.00486017773333333,0,0,0
"Adamantane, 1,3-dimethyl-",0,0,0,0,0.0248216415666667,0,0,0
"Allantoic acid",0,0,0,0,0,0,0.0400581566666667,0
"Amylene hydrate",0,0.00785070866666667,0.129731292,0.0166164273,0,0,0,0
"Anethole",0,0.006638682,0.114792061333333,0,0,0,0,0
"Benzaldehyde, 2-hydroxy-",0,0,0,0,0,0,0.0408319233333333,0
"Benzaldehyde, 2-methyl-",0,0.012491373,0,0,0,0,0,0
"Benzaldehyde, 2,4,6-trimethyl-",716367.333333333,0,0,0,0,0,0,0
"Benzaldehyde, 4-methoxy-",0,0,0.0851383116666667,0,0,0,0,0
"Benzene, (1-butylheptyl)-",0,0,0,0,0,0,0,0.0151477019
"Benzene, (1-butylnonyl)-",0,0,0,0.00242502953333333,0,0,0,0
"Benzene, (1-methylethyl)-",0,0,0,0,0,0,0,0.0226125029666667
"Benzene, (1-methylpropyl)-",0,0,0,0.00842684463333333,0,0,0,0.0190712431333333
"Benzene, (1-methylundecyl)-",0,0,0,0.00282962053333333,0,0,0,0
"Benzene, (1-pentylheptyl)-",4128792.33333333,0.0141942946666667,0,0,0,0,0,0.0077188791
"Benzene, (1-propylnonyl)-",0,0,0,0,0,0,0,0.00450641836666667
"Benzene, (2-methyl-1-propenyl)-",0,0,0.040048882,0,0,0,0,0
"Benzene, [2,2,2-trifluoro-1-(trifluoromethyl)ethyl]-",0,0,0,0,0,0,0.001852798,0.00138846186666667
"Benzene, 1-bromo-3-chloro-",1738339,0,0,0,0,0,0,0
"Benzene, 1-bromo-4-chloro-",657266.333333333,0,0,0,0,0,0,0
"Benzene, 1-chloro-2-methyl-",0,0.00306917833333333,0,0,0,0,0,0
"Benzene, 1-ethenyl-2-methyl-",0,0,0.0518501976666667,0,0,0,0,0
"Benzene, 1-ethyl-2,4-dimethyl-",0,0,0,0,0.0408533614333333,0,0,0
"Benzene, 1-ethyl-3-methyl-",0,0.1889423,6.26322788666667,0,0,0,0,0
"Benzene, 1-ethyl-4-methyl-",0,0,2.05137146133333,0,0,0,0,0
"Benzene, 1-methoxy-2-methyl-",226104,0.005038007,0,0,0,0,0,0
"Benzene, 1-methoxy-4-(1-methylethyl)-",0,0,0,0,0,0,0.00373222433333333,0
"Benzene, 1-methyl-3-(1-methylethenyl)-",0,0,0,0,0,0.056550998,0,0
"Benzene, 1-methyl-3-(1-methylethyl)-",0,1.076784,0.983198196666667,0,0,0,0.387029133333333,0.00554603746666667
"Benzene, 1-methyl-3-propyl-",7681780,0,0,0,0,0,0,0.0664096466333333
"Benzene, 1-methyl-4-(1-methylethenyl)-",0,0.12182438,0,0,0,0,0,0
"Benzene, 1-methyl-4-(1-methylpropyl)-",0,0,0.169330974666667,0.006924342,0.00806934406666667,0,0,0.0195723890666667
"Benzene, 1-methyl-4-butyl",1630474.33333333,0.00623506833333333,0,0,0,0,0,0
"Benzene, 1-methyl-4-propyl-",3525331.66666667,0,0,0,0,0,0,0.0550575291666667
"Benzene, 1,1'-propylidenebis-",0,0,0,0,0,0.000408650733333333,0,0
"Benzene, 1,2-difluoro-",0,0.00768402633333333,0,0,0,0,0,0
"Benzene, 1,2,3,4-tetrafluoro-",0,0,0,0.0255377231,0,0,0,0
"Benzene, 1,2,3,4-tetramethyl-",0,0,0.411672838333333,0,0,0,0,0
"Benzene, 1,2,4,5-tetrafluoro-3-(trifluoromethyl)-",0,0,0,0,0.00155916983333333,0,0,0
"Benzene, 1,2,4,5-tetramethyl-",0,0,0,0,0.0362271071333333,0,0.0201711133333333,0
"Benzene, 1,3-bis(1,1-dimethylethyl)-",997764.333333333,0.0679510033333333,0.818190661,0.0302967794666667,0.0101952237666667,0.00709788466666667,0.0150288533333333,0.0125828916333333
"Benzene, 1,3-dibromo-",398672,0,0,0,0,0,0,0
"Benzene, 1,3-dibromo-5-chloro-",166463,0,0,0,0,0,0,0
"Benzene, 1,3-diethyl-",0,0,0,0,0.0140330547666667,0,0,0
"Benzene, 1,3-diethyl-5-methyl-",0,0,0.082444912,0.00303740323333333,0.00475062226666667,0,0,0.0108164418
"Benzene, 1,3,5-tri-tert-butyl-",0,0,0,0,0,0.00301274166666667,0,0
"Benzene, 1,4-dichloro-",0,0.157326833333333,0,0,0.0470041092666667,0,0,0
"Benzene, 1,4-dimethyl-2-(2-methylpropyl)-",0,0,0,0,0,0,0,0.00149436873333333
"Benzene, 2-chloro-5-methoxy-1,3-dimethyl-",0,0,0,0,0,0.000902564066666667,0,0
"Benzene, 2-ethyl-1,4-dimethyl-",5180699,0,0,0,0,0,0,0.0787084452
"Benzene, 2-methoxy-4-methyl-1-(1-methylethyl)-",0,0.003357971,0,0,0,0.00787611333333333,0.003802575,0
"Benzene, 2-propenyl-",0,0,0.078452274,0,0,0,0,0.0023353549
"Benzene, 4-ethenyl-1,2-dimethyl-",0,0,0,0,0.0124182978,0.0474471433333333,0,0
"Benzene, chloro-",0,0,0,0,0,0,0.03859063,0
"Benzene, pentafluoro-",8494339.33333333,0,0,0,0,0,0,0
"Benzene, pentyl-",0,0,0.103206771,0,0,0,0,0.0237625033333333
"Benzene, propoxy-",0,4.118834,0,0,0,0,0,0
"Benzene, propyl-",0,0,0,0,0,0,0.0277132533333333,0
"Benzene, tert-butyl-",0,0,0,0,0,0,0,0.0022514249
"Benzeneacetic acid, methyl ester",0,0,0.106386290666667,0,0,0,0,0
"Benzeneethanamine, 3-fluoro-β,5-dihydroxy-N-methyl-",622969,0,0,0,0.00251428578,0,0,0
"Benzoic acid, 2-methylpropyl ester",0,0,0.299388193333333,0,0,0,0,0
"Benzoic acid, 4-methoxy-, phenyl ester",0,0,0,0,0,0,0,0.0012516563
"Benzoic acid, ethyl ester",0,0.0612791,0,0,0,0,0,0
"Benzoic acid, p-(diethylamino)-, 9-borabicyclo[3.3.1]non-9-yl ester",0,0,0,0,0.0006367322,0,0,0
"Benzoic anhydride, 4,4',6,6'-tetramethoxy-2,2'-dimethyl-",83187.6666666667,0,0,0,0,0,0,0
"Benzonitrile",0,0.52305467,0,0.0484175137333333,0,0,0,0.0987086924
"Benzothiazole",0,0,0,0,0,0.0471732333333333,0.02926303,0
"Benzoxazole",0,0,0.019105922,0,0,0,0,0
"Benzyl alcohol",0,0,0,0.2236112333,0.126436321466667,0,0,0
"Benzyl alcohol, α-(1-(dimethylamino)ethyl)-",0,0,0,0,0,0,0.00422000385,0
"Benzyl methyl ketone",245820.333333333,0,0,0,0,0,0,0
"Bicyclo[2.2.1]heptane, 2,2-dimethyl-5-methylene-",0,0,0,0,0,0.170385766666667,0,0
"Bicyclo[3.1.0]hex-2-ene, 4-methylene-1-(1-methylethyl)-",0,0,0,0,0.00565820073333333,0.00389496266666667,0,0
"Bicyclo[3.1.0]hexan-2-ol, 2-methyl-5-(1-methylethyl)-, (1α,2β,5α)-",0,0,0,0,0.0271134278,0,0,0
"Bicyclo[3.1.0]hexane, 4-methylene-1-(1-methylethyl)-",0,0,0,0,0,0.01992584,0,0
"Bis(2-ethylhexyl) phthalate",0,0,0.291646582666667,0,0,0,0,0
"Boronic acid, ethyl-",0,0.0765777206666667,0,0,0,0,0,0
"Butanal, 2-methyl-",0,0.1540588,0,0.105927383533333,0.606522999766667,0.0189175166666667,0,0.128619558333333
"Butanal, 3-methyl-",48258132.3333333,0.2568425,0,0,0,0,0.300373033333333,0
"Butane, 1-isocyano-",0,0,0,0,0,0,0,0.00677206886666667
"Butane, 1,1,3,4-tetrachloro-1,2,2,3,4,4-hexafluoro-",15736009,0.0453159566666667,0,0,0,0,0,0
"Butane,1,2,4-trichloro-heptafluoro-",0,0,0,0,0,0,0,0.00488413026666667
"Butanedioic acid, dimethyl ester",215106.666666667,0,0,0,0,0,0,0
"Butanenitrile, 3-methyl-",0,0,0,0,0.0211044947666667,0,0,0.0255796311666667
"Butanoic acid",0,0,0,0.0255105509333333,0,0,0.010249919,0
"Butanoic acid, 2-methyl-, ethyl ester",0,0.0377142933333333,0,0,0,0,0.0226281666666667,0
"Butanoic acid, 2-methyl-, methyl ester",0,0,0,0,0,0.00187640633333333,0,0
"Butanoic acid, 3-hydroxy-, ethyl ester",0,0.00289896933333333,0,0,0,0,0,0
"Butanoic acid, 3-methyl-",11936110.3333333,0.0391297833333333,0,0.00514051406666667,0.0785613632666667,0,0,0.0121983360666667
"Butanoic acid, 3-methyl-, ethyl ester",0,0,0,0,0,0,0.009175056,0
"Butanoic acid, methyl ester",0,0,0,0,0.0194492302333333,0,0,0
"Butylated Hydroxytoluene",0,0,0.122750729333333,0.0148887831333333,0,0,0,0
"Carbamic acid, N-[1,1-bis(trifluoromethyl)ethyl]-, 4-(1,1,3,3-tetramethylbutyl)phenyl ester",2544924.66666667,0.017878724,0.072437531,0.0052726658,0,0,0,0
"Carbohydrazide",0,0,0,0,0,0,0,0.0154877517666667
"Carbon disulfide",0,0,1.30928090733333,0,0,0,0,0
"Carbon Tetrachloride",0,0,0,0,0,0,0,0.0550100085
"Carbonic acid, 2-ethoxyethyl 2-methoxyethyl ester",0,0,0.0476129113333333,0,0,0,0,0
"Carbonic acid, dimethyl ester",0,0,0.168582183666667,0,0,0,0,0
"Carbonic acid, octadecyl vinyl ester",0,0,0,0,0,0,0,0.0103980639
"Carbonic acid, octyl phenyl ester",0,0,0,0,0,1.7803367185,0,0
"Carbonyl sulfide",0,0,0.221752042666667,0,0,0,0,0
"Carvone",0,0,0,0,0,0.00486477,0,0
"Chloroxylenol",0,0,0,0,0,0,0.04551499,0
"Cyclobuta[1,2:3,4]dicyclopentene, 1,3a,3b,4,6a,6b-hexahydro-",0,0,0,0,0,0,0,0.0083165221
"Cyclobutane, (1-methylethylidene)-",0,0,0.0796615843333333,0,0,0,0,0
"Cyclobutanol",0,0,0,0,0.08300446744,0,0,0
"Cyclobutylamine",0,0,0,0.018436343,0,0,0,0
"Cyclohexane, 1-ethyl-2-methyl-",0,0,0,0,0.0187607763666667,0.010261139,0,0
"Cyclohexane, 1-methyl-2-propyl-",0,0,0,0,0,0.00840408533333333,0,0
"Cyclohexane, 1-methylene-4-(1-methylethenyl)-",0,0,0,0,0,0,0.0269202306666667,0
"Cyclohexane, ethyl-",0,0,0.514121185666667,0,0,0,0,0
"Cyclohexane, methyl-",0,0.0808663833333333,0,0,0,0,0,0
"Cyclohexanol",945726.666666667,0,0,0.00479685266666667,0,0,0,0
"Cyclohexanol, 4-(1,1-dimethylethyl)-",9320516.33333333,0,0,0,0,0.02474995,0,0
"Cyclohexanol, 4-(1,1-dimethylethyl)-, cis-",4517054.66666667,0,0,0,0,0,0,0
"Cyclohexene, 1-methyl-",0,0,0,0,0,1.02989401666667,0,0
"Cyclohexene, 1-methyl-4-(1-methylethylidene)-",0,0,0,0,0.0137318227666667,0.169224733333333,0,0
"Cyclooctane, 1,2-diethyl-",0,0.08092865,0.861746977,0,0,0,0,0
"Cyclooctane, 1,2-dimethyl-",3873462,0,0,0,0,0,0,0
"Cyclopentane, 1-hexyl-3-methyl-",0,0.0370389566666667,0,0.0775396502,0,0,0,0
"Cyclopentane, 1-methyl-3-(2-methylpropyl)-",0,0,0.612415429,0,0,0,0,0.0213882960666667
"Cyclopentane, 1,2,4-trimethyl-",0,0,0,0,0,0,0.00370064133333333,0
"Cyclopentane, ethyl-",3210341.33333333,0,0.178226403333333,0,0,0,0,0
"Cyclopentanone, 2-methyl-",0,0,0,0,0,0,0.0212527966666667,0
"Cyclopentene",0,0,0,0.0118299672333333,0,0,0,0
"Cyclopropane, 1,1-dimethyl-",0,0,0,0,0,0,0.020653577,0
"D-Limonene",0,0.451864796666667,0,0,0,0,0,0
"Decane",0,0,0,0.640536948266667,0,0,0.159869966666667,0.372237764633333
"Decane, 2,2-dimethyl-",0,0.462585066666667,0,0,0,0,0,0
"Decane, 2,2,9-trimethyl-",0,0,4.64082644566667,0,0.325787624766667,0,0,0
"Decane, 2,5,9-trimethyl-",0,0,3.08951115733333,0,0,0,0,0
"Decane, 2,6,7-trimethyl-",0,0,0,0,0,0,0,0.355752108633333
"Decane, 3,7-dimethyl-",0,0.5326856,0,0.8928199843,0,0.0403309166666667,0,0
"Decane, 5-methyl-6-methylene-",0,0,3.989590994,0,0,0,0,0
"Decanoic acid, ethyl ester",0,0.0110854356666667,0,0,0,0,0,0
"Di(1,2,5-oxadiazolo)[3,4-b:3,4-E]pyrazine, 4,8-diacetyl-",0,0,0,0.107407946833333,0,0,0,0
"Diacetyl sulphide",0,0,0,0,0.631566068023333,0,0,0
"Dibenzofuran",0,0.00307372833333333,0.034449938,0,0,0,0,0
"Dibutyl phthalate",11711661.6666667,0,0,0,0,0,0,0
"Diethyl fumarate",0,0,0,0.0124078903333333,0,0,0,0
"Diethyl malonate",0,0,0.393357786666667,0,0,0,0,0
"Diethyl Phthalate",0,0,0,0,0,0,0,0.00367653883333333
"Difluorochloromethane",0,0.0112296016666667,0,0,0,0,0.144209116666667,0
"Diisopropyl ether",0,0,0,0,0,0,0.2075084,0
"Dimethyl ether",0,0,0,0.00746348730333333,0,0,0,0
"Dimethyl sulfide",0,0,2.74523713233333,0,0.3547552458,0.0370198233333333,0,0
"Diphenyl ether",881197.666666667,0,0.0539667123333333,0.00424843006666667,0,0,0,0.00243161366666667
"Disulfide, dimethyl",56085283,0,0.692594043,0,0,0,0.0172261333333333,0
"dl-Alanyl-dl-leucine",2234873.66666667,0,0,0,0,0,0,0.0121543515333333
"dl-Phenylephrine",2166560,0,0,0,0,0,0,0
"Dodecane",0,0,9.431410287,1.33637802136667,0,0.151684273666667,0,0
"Dodecane, 2,6,10-trimethyl-",0,0.309129433333333,2.68366369133333,0,0,0,0,0
"Dodecane, 2,6,11-trimethyl-",27123796,0.15530987,0,0,0.186262634933333,0.0232437083333333,0,0
"Dodecane, 2,7,10-trimethyl-",0,0.360252316666667,0,0.4612247303,0.199833303933333,0,0,0
"Dodecanoic acid, ethyl ester",2215515.66666667,0.01275568,0,0,0,0,0,0
"Dotriacontane",0,0,0,0,0,0,0.0761073833333333,0
"Eicosane",0,0,0,0,0,0,0.409589733333333,0
"endo-Borneol",0,0,0,0,0,0.277370366666667,0,0
"Erythro-3-bromo-2-pentanol",0,0,0,0,0,0,0.6770698902,0
"Estrone, benzoate",0,0,0,0.0013268974,0,0,0,0
"Ethane, 1,1-diethoxy-",0,0.583690766666667,0,0,0,0,0,0
"Ethane, 1,1,2-trichloro-1,2,2-trifluoro-",0,0,0.58366172,0,0,0,0,0
"Ethane, 1,2-dichloro-",0,0.004865986,0,0,0,0,0,0
"Ethane, iodo-",0,0.0763173123333333,0,0,0,0,0,0
"Ethane, nitro-",1415953.33333333,0,0,0.00304027523333333,0,0,0.0124067366666667,0
"Ethanol",0,0,0,2.0165268653,0,0,0,0
"Ethanol, 2-(2-butoxyethoxy)-",0,0,1.118565701,0,0,0,0,0
"Ethanol, 2-(2-ethoxyethoxy)-",0,0.0549908766666667,0,0,0,0,0,0.0139434179666667
"Ethanol, 2-methoxy-",0,0,0,0,0,0,0.465960666666667,0.00588815303333333
"Ethanol, 2-phenoxy-",0,0.0357869733333333,0,0.00619786736666667,0.0947417877,0,0,0
"Ethanol, 2-propoxy-",0,0,0,0,0,0,0,0.0064962024
"Ethanol, 2,2,2-trifluoro-",0,0,0,0,0.0302627479,0.03664104,0,0
"Ethanol, 2,2'-oxybis-",9849534,0,0.528177176333333,0.0312969716333333,0,0,0,0
"Ethanone, 1-(2-methylphenyl)-",0,0.007530861,0,0,0,0,0,0
"Ethanone, 1-(4-methylphenyl)-",0,0.0175075423333333,0,0,0,0,0,0
"Ethanone, 1-(5-ethyl-2-hydroxy-4-methoxyphenyl)-2-(3,4-methylenedioxyphenyl)-",0,0.0002128803,0,0,0,0,0,0
"Ethene, ethoxy-",0,0.173630373333333,0,0,0,0,0.0977845633333333,0
"Ethyl 2-chloro-3,3,3-trifluoro-2-propionamidopropionate",0,0.394721133333333,0,0,0,0,0,0
"Ethyl 3-(6-methoxy-3-methyl-2-benzofuranyl)-3-(p-methoxyphenyl)propionate",47049.3333333333,0,0,0,0,0,0,0
"Ethyl Acetate",0,0.738214433333333,0,0,0,0,0.685217766666667,0
"Ethyl formate",0,0,0.565831757,0,0,0,0,0
"Ethyl-1-propenyl ether",0,0.0386802166666667,0,0,0,0,0.0828711733333333,0
"Ethylamine, 2-((p-bromo-α-methyl-α-phenylbenzyl)oxy)-N,N-dimethyl-",0,0,0,0,0,0,0.0290602156666667,0.01538197234
"Ethylbenzene",0,0,0,0,0,0.0561450766666667,0,0
"Ethylenimine",0,0,0,0.00158807153333333,0,0,0,0
"Ethyne, fluoro-",0,0.206192091,0,0,0.0468768429,0.00114769368,0,0.0127142607
"Etilefrine",0,0,0,0,0,0,0,0.00110488883333333
"Eucalyptol",0,0,1.759189964,0,0,0,0,0
"Fluorodichloromethane",0,0,0,0,0,0,0,0.00838640396666667
"Formamide, N,N-dibutyl-",0,0,0,0.00614319476666667,0,0,0,0
"Formamide, N,N-dimethyl-",0,0,0,0,0,0.00342845133333333,0.03745337,0
"Formic acid, 1-methylethyl ester",0,0.258287133333333,0,0,0,0,0,0
"Formic acid, butyl ester",0,0,0,0,0,0,0,0.00567648163333333
"Furan, 2-ethyl-",4244626,0,0,0,0,0,0,0
"Furan, 2-pentyl-",0,0,0,0,0,0,0.325511166666667,0
"Furan, 2,5-dimethyl-",0,0,0,0,0,0,0,0.0696336795333333
"Furan, 3-methyl-",8209043.66666667,0,0,0,0,0,0,0.0802218885333333
"Furan, 3-phenyl-",181274.333333333,0,0,0,0,0,0,0
"Glycine, ethyl ester",0,0,0,0.000769359233333333,0,0,0.0309803944,0
"Glycolaldehyde dimer",0,0,0.192266216,0,0,0,0,0
"Heneicosane",0,0,0.163552623333333,0,0,0,0,0
"Heneicosane, 11-(2,2-dimethylpropyl)-",9979305,0,0,0.1356287628,0,0,0,0
"Heptacosane",0,0,0,0.0188108472666667,0,0,0.04146907,0
"Heptadecane",10774623.3333333,0.0127149153333333,1.898679447,0,0,0,0,0
"Heptane, 2-methyl-",0,0,0,0,0,0.005159042,0,0
"Heptane, 2,2,4-trimethyl-",0,0,0,0.3285077323,0.0708846467333333,0,0,0.00817567506666667
"Heptane, 2,2,4,6,6-pentamethyl-",24937368.6666667,0,8.48463840133333,1.05124204713333,0,0,0,0.402397436433333
"Heptane, 2,3-dimethyl-",0,0,0,0.0160446040333333,0,0,0,0
"Heptane, 2,4-dimethyl-",0,0,1.00833534066667,0,0.0209968104666667,0,0.0455041833333333,0.0196045526333333
"Heptane, 2,5-dimethyl-",0,0,0,0,0.0206720995333333,0,0,0
"Heptane, 3-ethyl-2-methyl-",0,0,0,0,0,0.008413867,0,0
"Heptane, 3-methyl-",0,0,0,0,0,0,0,0.0300555126
"Heptane, 5-ethyl-2,2,3-trimethyl-",38113606.3333333,0,0,0,0,0,0,0
"Heptane, hexadecafluoro-",0,0,0,0.00360595436666667,0,0,0,0.0963371924333333
"Heptanoic acid, ethyl ester",0,0.1325541,0,0,0,0.0438579166666667,0.0574738333333333,0
"Hexadecane",0,0,0,0,0.221303514266667,0,0,0
"Hexanal, 2-ethyl-",0,0,0.177145668,0,0,0,0,0
"Hexane, 2-methyl-",0,0.177486666666667,0,0,0,0,0,0
"Hexane, 2,2,3-trimethyl-",0,2.200748,0,0,0,0,0,0
"Hexane, 2,3,5-trimethyl-",0,0,1.61985656466667,0.269172324633333,0.0425636405666667,0,0,0.0285825101333333
"Hexane, 2,4-dimethyl-",0,0,0,0,0,0,0.0164815396666667,0
"Hexane, 3-ethyl-",0,0,0,0,0,0.00670206433333333,0,0
"Hexane, 3-methyl-4-methylene-",0,0,0,0,0.00702366493333333,0,0,0
"Hexane, 3,3-dimethyl-",0,0,0,0,0,0,0,0.501163369066667
"Hexanenitrile",0,0,0,0,0,0,0.0146437433333333,0
"Hexanoic acid",0,0.13991544,0,0,0,0,0,0
"Hexanoic acid, 2-ethyl-",0,0,0,0.0019429943,0,0.000802628366666667,0,0
"Hexanoic acid, methyl ester",0,0.109371353333333,0,0,0,0,0.0375654033333333,0
"Hexatriacontane",0,0,0.357713083666667,0,0,0,0,0
"Homosalate",705093,0,0,0,0,0,0,0
"Hydrazine, methyl-",0,1.196530345,0,0,0,0,0.742734033333333,0
"Hydrazinecarboxamide",0,0,0,0,0.0305196124,0,0,0
"Hydrogen azide",1225669,0.100767137666667,0,0,0,0,0.009389438,0
"Hydrogen isocyanate",0,0,0,0,0.0264809837666667,0,0.092690628,0
"Hydroxymethyl 2-hydroxy-2-methylpropionate",0,0,0,0.0006602987,0.0006400869,0,0,0
"Indan, 1-methyl-",1352036.66666667,0,0.237995576,0,0.0103824816333333,0.003192235,0,0
"Isophorone",0,0,0.833026500333333,0,0.405935927866667,0,0,0
"Isopropyl acetate",0,0,0.128405508,0,0,0,0.131308933333333,0
"Isopropyl butyrate",0,0.00569466966666667,0,0,0,0,0,0
"Isopropyl pyruvate",0,0,0.944098124833333,0,0,0,0,0
"L-(+)-Threose, aldononitrile, triacetate",0,0,0.00911203466666667,0,0,0,0,0
"L-Alanine, methyl ester",0,0.00944858933333333,0,0,0,0,0,0
"L-Lactic acid",1690646.33333333,0,0,0,0,0,0,0.172286168433333
"Linalool",1102817.66666667,0,0,0,0.0215985907333333,0,0,0
"Longifolene",0,0,0,0,0,0.00743530366666667,0,0
"Methane, dibromo-",0,0,0,0,0,0,0,0.00104562286666667
"Methane, diethoxy-",0,0.2617534,0,0,0,0,0.160706366666667,0
"Methane, diiodo-",0,0,0.126133571333333,0,0,0,0,0
"Methane, isocyanato-",0,0.370554,0,0.927721895166667,0,0,0,0.00721483566666667
"Methane, isopropoxyphenoxy-",0,0.0191800733333333,0,0,0,0.0406169866666667,0,0
"Methane, tribromo-",403886.333333333,0,0,0,0,0,0,0.00176301973333333
"Methanesulfonic anhydride",0,0,0.555542129333333,0,0,0,0,0
"Methenamine",0,0.0706132633333333,0,0,0.0580826141666667,0,0,0
"Methoxyacetic acid, 2-ethylhexyl ester",0,0,0,0.0792563749,0,0,0,0
"Methoxyacetyl chloride",5643629.33333333,0,0,0,0,0,1.24841505866667,0
"Methyl anthranilate",1143026.66666667,0.0175866233333333,2.74806489666667,0.0270196808666667,0,0,0,0
"Methyl glyoxal",0,0,0,0,0,0,0.0281105996666667,0
"Methyl Isobutyl Ketone",0,0,0,0,0,0.00343855666666667,0,0.0155577406666667
"Methyl isocyanide",0,0,0,0,0,0,0,0.8769865042
"Methyl thiolacetate",4671355,0,0,0,0,0,0,0
"Methylamine",0,0.00019512597,0,0,0,0,0,0.0241437618933333
"Methylene chloride",0,0,0,0,0,0,0,0.0423695441333333
"Methyltartronic acid",769117.333333333,0,0,0,0,0,0,0
"Monoethanolamine",0,0.0129005674666667,0,0,0,0,0,0
"n-Butyl ether",0,0,0,0,0,0.00859666066666667,0,0
"n-Decanoic acid",0,0,0,0.00753259033333333,0,0,0,0
"n-Hexane",49494099.6666667,0,0,0.0966308525333333,0,0,0,0.0707257592333333
"N-Methyltaurine",0,0,0,0,0.0229378674,0,0,0
"n-Propyl acetate",0,0,0,0.0698321489,0,0,0.327845833333333,0
"N,N-Dimethylacetamide",0,0,0.178967062,0,0.00633172303333333,0,0,0
"N,N,O-Triacetylhydroxylamine",0,0.324728642666667,0,0,0,0,0,0.951810353766667
"Naphthalene",0,0,0,0,0,0,0.217020366666667,0
"Naphthalene, 1-methyl-",0,0,0,0,0,0,0.0102399713333333,0
"Naphthalene, 1,2,3,4-tetrahydro-",1188687,0,0,0.0076990835,0,0,0,0.0157714700333333
"Naphthalene, 1,2,3,4-tetrahydro-1-methyl-",0,0,0.0298820416666667,0,0,0,0,0
"Naphthalene, 1,2,3,4-tetrahydro-1,5-dimethyl-",0,0,0,0,0,0,0,0.00255924003333333
"Naphthalene, 1,2,3,4-tetrahydro-1,6,8-trimethyl-",0,0,0,0,0.00240459193333333,0,0,0
"Naphthalene, 1,2,3,4-tetrahydro-2-methyl-",645691.666666667,0,0.040911318,0.0052473025,0,0,0,0.0031935662
"Naphthalene, 1,2,3,4-tetrahydro-2,6-dimethyl-",0,0,0,0,0,0,0,0.00255784673333333
"Naphthalene, 1,2,3,4-tetrahydro-5-methyl-",0,0,0.0923838886666667,0,0,0,0,0
"Naphthalene, 1,4-dimethyl-",0,0,0,0.00390661796666667,0,0,0,0
"Naphthalene, 1,7-dimethyl-",0,0,0.0488542756666667,0,0,0,0,0
"Naphthalene, decahydro-, trans-",4074911,0,0,0,0,0.03166244,0,0
"Neopentyl glycol",0,0,0,0,0,0.00146989866666667,0,0
"Nitric oxide",0,0.281644353666667,0,0,0,0,0,0
"Nitrous acid",0,0,0.0523423593333333,0,0,0,0,0
"Nitrous oxide",0,0,0,0,0,0,0,0.0105227062666667
"Nonane",0,0,0,0,0.100462068133333,0,0,0
"Nonane, 2,6-dimethyl-",0,0,0,0,0,0,0,0.0097699972
"Nonane, 4,5-dimethyl-",0,0,0,0,0.0927840848,0,0,0
"Nonanoic acid",0,0,0,0.0104248874,0,0,0,0
"o-Anisic acid, tridec-2-ynyl ester",0,0,0,0.00405312016666667,0,0,0,0
"Octadecane",0,0,0.504259046333333,0,0,0,0.0596590533333333,0.0612068812666667
"Octadecane, 6-methyl-",0,0,0.899955894666667,0,0,0,0,0
"Octanal",0,0.2008492,0,0,0,0,0,0
"Octanal, 2-(phenylmethylene)-",0,0.00675324266666667,0,0.00238644333333333,0,0,0,0
"Octane, 2,2,6-trimethyl-",33451351,1.1171401,0,0.715706628333333,0,0.0696007133333333,0.0831608033333333,0.3340175561
"Octane, 2,3,6,7-tetramethyl-",0,0,1.694284661,0.193269182066667,0.0384115169666667,0,0.02284592,0
"Octane, 2,4,6-trimethyl-",0,0,7.58672085733333,0.512281490166667,0,0,0,0
"Octane, 2,5,6-trimethyl-",0,0.656687866666667,0,0,0.2795567854,0,0,0.2605335293
"Octane, 2,6-dimethyl-",0,0,0,0,0,0.07231557,0,0.618722491966667
"Octane, 2,7-dimethyl-",0,0,0,0,0,0,0,0.00821069793333333
"Octane, 3,3-dimethyl-",0,0,0,0.233041974566667,0,0,0,0
"Octane, 4-ethyl-",20798792.3333333,0,1.40547758066667,0,0.040833714,0,0,0
"Octanoic acid",0,0,0,0.0124367531333333,0,0,0,0
"Octanoic acid, ethyl ester",0,0.153274433333333,0,0,0,0.143384266666667,0.10333039,0
"Oleic Acid",0,0,0,0.0137270494666667,0,0,0,0
"Oxirane, 2-methyl-2-(1-methylethyl)-",0,0,0,0,0,0.01586615,0,0
"p-Anisic acid, tridec-2-ynyl ester",0,0,0,0,0.00210457289,0,0,0
"p-Cresol",0,0,0,0,0,0.006720781,0.0033909598,0.00382649796666667
"p-Cymene",21077398,0,0,0,0,0,0,0
"Pentadecane",0,0.266191333333333,0,0,0.174535963533333,0,0,0
"Pentadecane, 5-methyl-",0,0,1.42935124633333,0,0,0,0,0
"Pentane",0,0,0,0.243670651866667,0,0,0,0
"Pentane, 2,3,3-trimethyl-",0,0,0,0,0.132093647066667,0,0,0.0507398832333333
"Pentane, 2,3,4-trimethyl-",0,0,0,0,0.115642779866667,0,0,0.0308444805
"Pentane, 3-ethyl-2,2-dimethyl-",0,0,0,0,0,0,0.0164168366666667,0
"Pentane, 3,3-dimethyl-",0,0,0.255738954666667,0,0,0,0.02634868,0
"Pentanoic acid",0,0.0564220266666667,0,0.00633593713333333,0,0,0,0
"Pentanoic acid, ethyl ester",0,0.174921133333333,0,0,0,0.007595516,0.0561389433333333,0
"Perfluorooctane",0,0,0,0.00215658076666667,0,0,0,0.0323923509
"Phenol, 2-(1,1-dimethylethyl)-4-(1,1,3,3-tetramethylbutyl)-",0,0,0,0.0022575118,0,0,0,0.00154741126666667
"phenol, 2-(1,1,3,3-tetramethylbutyl)-",0,0,0,0,0,0.01792543,0,0.0151173521666667
"Phenol, 2-methyl-",0,0,0.016742416,0,0,0,0,0
"Phenol, 2-nitro-",0,0.00157447266666667,0,0,0,0,0,0
"Phenol, 2,4-bis(1,1-dimethylpropyl)-",1059059.33333333,0,0,0.0630904124,0,0,0.00632574933333333,0.0354058052666667
"Phenol, 2,6-bis(1,1-dimethylethyl)-4-ethyl-",0,0,0,0.0281136913333333,0,0,0,0
"Phenol, 3-fluoro-",0,0,0,0,0,0.00282493466666667,0,0
"Phenol, 4-(1,1-dimethylpropyl)-",0,0,0,0,0.0817358679333333,0.0162649733333333,0.176455,0
"Phenol, 4-chloro-3-methyl-",0,0,0,0,0,0,0.02644932,0
"Phenol, 4-ethyl-",269954.333333333,0,0,0,0,0,0,0
"Phenol, p-tert-butyl-",0,0,0.0708739,0,0,0.001780267,0.002871286,0
"Phenylephrine",0,0,0.630619931666667,0,0,0,0,0
"Phenylethyl Alcohol",0,0,0,0.00394149306666667,0,0.003015745,0,0.0018937803
"Phthalic acid, 2-isopropylphenyl methyl ester",0,0,0,0,0,0.00220522533333333,0,0
"Phthalic acid, 8-chlorooctyl decyl ester",0,0.0005431523,0,0,0,0,0,0
"Pregna-5,9(11)-dien-20-ol-3-one ethylene ketal",0,0,0.00175071333333333,0,0,0,0,0
"Prenol",0,0,0,0,0.0067283559,0,0,0
"Propanal",0,0.178789966666667,0,0,0,0.145498853333333,0,0
"Propane, 1,1,3,3-tetramethoxy-",0,0,0,0,0,0,0.0991010513333333,0
"Propane, 1,2-dichloro-",0,0,0.018206245,0,0,0,0,0
"Propane, 2-(ethenyloxy)-",0,0.03843948,0,0,0,0,0,0
"Propane, 2-nitro-",0,0,0,0,0,0,0.173655217,0
"Propanenitrile, 2,2'-azobis[2-methyl-",0,0,0.0634971643333333,0,0.0018235127,0,0,0.00369909756666667
"Propanenitrile, 3-(dimethylamino)-",0,0,0.106997612333333,0.0134467713,0,0,0,0
"Propanoic acid",0,0,0,0,0,0,0,0.0388197787666667
"Propanoic acid, 2-hydroxy-, ethyl ester, (L)-",0,0.0238405333333333,0,0,0,0,0,0
"Propanoic acid, 2-hydroxy-, propyl ester",0,0,0.0633388906666667,0,0,0,0.0893910756666667,0.7249683401
"Propanoic acid, 2-hydroxy-2-methyl-",0,0,0,0.00378141866666667,0,0,0,0
"Propanoic acid, 2-methyl-",0,0.0409654133333333,0,0.00958308813333333,0,0,0,0
"Propanoic acid, 2-methyl-, ethyl ester",5684069.33333333,0.1791454,0,0,0,0.0103315193333333,0.0838986633333333,0
"Propanoic acid, 2-oxo-",0,0,0,0.00797145753333333,0,0,0,0
"Propanoic acid, 2-oxo-, ethyl ester",0,0,0,0,0,0,0.00818527033333333,0
"Propanoic acid, 2-oxo-, methyl ester",0,0,0.0149890456666667,0.0054937025,0,0,0,0.00153882766666667
"Propanoic acid, 2,2-dimethyl-",0,0.0289513,0,0,0,0.011695979,0.00636875566666667,0
"Propanoic acid, 3-amino-2-methyl-",0,0,0.00496883766666667,0,0,0,0,0.00478257803333333
"Propanoic acid, anhydride",0,0,0,0.01047083324,0,0,0,0
"Propanoic acid, butyl ester",0,0,0,0,0,0,0,0.0730976292
"Propanoic acid, ethyl ester",60240868.3333333,0.465117933333333,0,0,0,0,0,0
"Propanoyl fluoride, 2,3,3,3-tetrafluoro-2-[1,1,2,3,3,3-hexafluoro-2-(heptafluoropropoxy)propoxy]-",0,0,0,0,0.0294885522,0.01518834,0.130170143333333,0
"Propofol",0,0,1.22228849733333,0,0,0,0,0
"Propylene Glycol",0,0.5326788,10.331779395,0.087264086,0,0,0.582498973333333,0
"Pyrazine, 2,5-dimethyl-",1933248.66666667,0.0123450896666667,0,0,0.011577513,0,0,0
"Pyrazine, methyl-",3414476.66666667,0.006675431,0,0,0.0047489788,0,0.014862525,0
"Pyridine",0,0,0,0,0,0.00492142533333333,0.03234411,0.0915269665666667
"Pyridine, 3-ethenyl-",758451.333333333,0,0,0,0,0,0,0
"Pyridine, 3-methyl-",3475018.66666667,0,0,0,0,0,0,0
"Sevoflurane",0,0,0,0,0.0284677269,0,0,0
"Spiro[2.3]hexan-5-one, 4,4-diethyl-",0,0.156483466666667,0,0,0,0,0,0
"Spiro[3.6]deca-5,7-dien-1-one,5,9,9-trimethyl",0,0,0.198221492,0,0,0,0,0.0260228434666667
"Sulfur dioxide",0,0.044423178,0,0,0,0,0,0
"Sulfurous acid, butyl decyl ester",0,0,0,0,0,0,0.0690992066666667,0
"Sulfurous acid, butyl dodecyl ester",0,0,0,0,0,0,0,0.155770199866667
"Terephthalic acid, propyl tridec-2-yn-1-yl ester",301690,0,0,0,0,0,0,0
"Tetrachloroethylene",3267459.33333333,0,0.545340555,0,0,0,0,0
"Tetracosane",0,0,0,0,0,0,0.1596183,0
"Tetradecane",0,0,0,0,0,0,0.058581079,0
"Tetradecane, 1-iodo-",0,0.0697520166666667,0,0,0,0,0,0
"Tetrafluoromethane",0,8.46446833333333e-05,0,0,0,0,0,0
"Tetrahydrofuran",0,0.1311328,0,0,0,0,0,0
"Thiazole",0,0,0,0,0,0,0.00186540033333333,0
"trans-1,3-Diethylcyclopentane",0,0,0.370251014,0,0,0,0,0
"Triacetin",0,0,0.479350515666667,0,0,0,0,0
"Trichloroethylene",827465.333333333,0,0,0,0,0,0.00313157033333333,0
"Trichloromethane",0,0,0,0.129350265866667,0,0,0,0
"Tridecane, 2,5-dimethyl-",0,0,0,0,0,0,0,0.1903322934
"Tridecane, 3-methylene-",11210368,0,0,0,0,0,0,0
"Tridecane, 5-methyl-",0,0.324252333333333,0,0,0,0,0,0
"Trifluoromethanesulfonic anhydride",0,0,0,0,0,0,4.40105333333333e-05,0.00158303316666667
"Tuaminoheptane",0,0,0.0288701306666667,0,0,0,0,0
"Undecanal",0,0,0,0,0,0,0.0128368556666667,0
"Undecane",0,0.126357063333333,0,0,0.1631685242,0.343791566666667,0,0.0406244302666667
"Undecane, 2-methyl-",30357363,0,0,0,0,0,0,0
"Undecane, 2,2-dimethyl-",0,0,0,0,0,0,0.0438182766666667,0
"Undecane, 2,6-dimethyl-",0,0,0,0,0,0.117967666666667,0,0
"Undecane, 2,8-dimethyl-",0,0,0,0,0.355738555366667,0,0,0
"Undecane, 3-methyl-",40017127.3333333,0,0,0,0,0,0,0
"Undecane, 3,8-dimethyl-",0,0,0.107663261666667,0,0,0,0,0
"Undecane, 4-ethyl-",0,0,0,0,0.101027497266667,0,0,0
"Undecane, 4,7-dimethyl-",0,0,0,0,0,0,0.05585252,0
"Undecane, 5-methyl-",0,0.4907215,0,0,0.171602222633333,0,0,0.149298819066667
"Urea",0,0,0,0.1431959671,0,0,0.0405732396333333,0
"Urethane",0,0.02069244,0,0,0,0,0,0
"α Isomethyl ionone",0,0,0.0493273736666667,0,0,0,0,0
"α-Methylstyrene",0,0,0,0,0,0,0,0.0167458155
"β-Myrcene",0,0.0851989266666667,0,0,0,0.03778784,0,0
"β-Phellandrene",1790876,0,0,0,0,0,0,0
"β-Pinene",0,0,1.62859398766667,0,0,0,0,0
"γ-Dodecalactone",0,0,0.142434408666667,0,0,0,0,0
"γ-Terpinene",0,0.128764266666667,0.651530038,0,0,0,0.15582976,0
